{
  "generator-jhipster": {
    "promptValues": {
      "packageName": "com.mycompany.myapp",
      "nativeLanguage": "en"
    },
    "jhipsterVersion": "6.8.0",
    "applicationType": "monolith",
    "baseName": "coopcycle",
    "packageName": "com.mycompany.myapp",
    "packageFolder": "com/mycompany/myapp",
    "serverPort": "8080",
    "authenticationType": "jwt",
    "cacheProvider": "ehcache",
    "enableHibernateCache": true,
    "websocket": false,
    "databaseType": "sql",
    "devDatabaseType": "h2Disk",
    "prodDatabaseType": "postgresql",
    "searchEngine": false,
    "messageBroker": false,
    "serviceDiscoveryType": false,
    "buildTool": "maven",
    "enableSwaggerCodegen": false,
    "jwtSecretKey": "YTI1NTY3OTA5M2I3MjIzOTE2YjA0MmUxM2E4NjQyODc3M2NhOTJiODM1MDRlYWFlNzI0NGNmODg3ODA1ZjMyZDhlNWU5YjJmYzU4ZmIxMWYxN2QyOGUwYmM1NjkyZTA5MjQ0NzllNmIzMWU5NjkzZGU0NGQzYTQ1NTE0YWY1Yjg=",
    "embeddableLaunchScript": false,
    "useSass": true,
    "clientPackageManager": "npm",
    "clientFramework": "angularX",
    "clientTheme": "none",
    "clientThemeVariant": "",
    "creationTimestamp": 1584307873387,
    "testFrameworks": ["gatling", "cucumber", "protractor"],
    "jhiPrefix": "jhi",
    "entitySuffix": "",
    "dtoSuffix": "DTO",
    "otherModules": [
      {
        "name": "generator-jhipster-docker",
        "version": "2.5.0"
      },
      {
        "name": "generator-jhipster-swagger-cli",
        "version": "3.0.1"
      },
      {
        "name": "generator-jhipster-leafletmap",
        "version": "2.0.0"
      },
      {
        "name": "generator-jhipster-testcontainers",
        "version": "1.0.0"
      },
      {
        "name": "generator-jhipster-administration-database",
        "version": "1.0.4"
      },
      {
        "name": "generator-jhipster-database-backup",
        "version": "1.0.7"
      }
    ],
    "enableTranslation": true,
    "nativeLanguage": "en",
    "languages": ["en", "fr"],
    "blueprints": []
  }
}
